split,index,qid,question,jaccard,train_index,train_question,train_answer,reference
bank,0,V2Q01,You are applying direct pressure to a wound on someone's forearm and after ten minutes of sustained firm pressure the bleeding has not slowed. What should you do next?,0.30303030303030304,1701,What precautions should be taken while applying direct pressure to a bleeding wound on a limb?,"Ensure there are no signs of fractures. If the bone structure is intact, apply pressure using a clean dressing and keep the limb elevated. If unsure about a fracture, stabilize the limb and avoid manipulation.","Apply a tourniquet 5 to 7 centimetres above the wound, not over a joint. Tighten until bleeding stops. Write the time on the skin. Do not remove it in the field. Lay them down, keep them warm and still, and watch for shock."
bank,1,V2Q02,How do you correctly apply direct pressure to control a bleeding wound?,0.4375,3827,How do you apply an airtight dressing to a sucking wound?,"To apply an airtight dressing to a sucking wound, quickly remove any clothing around the wound. Then, cover the wound with a sterile dressing or airtight material such as plastic or aluminum foil. Tape the dressing securely on three sides, leaving the bottom edge open to allow air to escape under pressure. This prevents air from entering the chest and helps maintain lung function.","Press a clean cloth or folded pad firmly onto the wound with the heel of your hand. Do not lift it to check. If it soaks through, add another on top. Maintain pressure at least 10 minutes. Raise the limb unless a fracture is suspected. If bleeding continues, apply a tourniquet."
bank,2,V2Q03,Why should you not lift a blood-soaked dressing from a wound to replace it with a fresh one?,0.42857142857142855,1468,Why is it important not to remove a soaked dressing from a bleeding wound?,"Removing a soaked dressing can disrupt clot formation and restart bleeding. Instead, apply a second pad over the existing one and continue applying pressure until the bleeding stops or medical help arrives.","Lifting a soaked dressing tears off the forming clot, and clotting is how bleeding stops, so the wound rebleeds and restarts from zero. It also introduces contamination. Add a second dressing on top and maintain firm pressure. Do not remove a dressing once applied."
bank,3,V2Q04,What is the correct way to manage a small superficial splinter embedded in the skin?,0.47368421052631576,907,What is the best way to remove a tick that is deeply embedded in the skin?,"The best way to remove a tick deeply embedded in the skin is to use fine-tipped tweezers or a tick-removal tool to grasp the tick as close to the skin's surface as possible. Gently pull the tick straight out without twisting. If the tick is difficult to remove, seek medical assistance to ensure proper removal.","Clean with soap and water. Sterilise fine-pointed tweezers with alcohol or a flame and let them cool. Grip the splinter close to the skin and pull it out at the angle it entered. Do not dig, squeeze or break it. Clean again and cover with a dressing. Seek care if deep, broken below the surface, or infected."
bank,4,V2Q05,What should you do if a person has a large piece of glass or other foreign object visibly embedded in a wound?,0.4166666666666667,389,What should you do if a person has swallowed a large quantity of household ammonia?,"If a person has swallowed a large quantity of household ammonia, do not induce vomiting. Rinse the mouth with water to remove any remaining ammonia, but do not have the person swallow any more water. Seek immediate medical help as ammonia is highly toxic and can cause severe damage to the digestive system.","Do not remove the object; removing it can cause sudden heavy bleeding. Build padding around it on both sides, then bandage over the padding without pressing deeper. Do not press on the object. Immobilise the area. Lay them down, keep them still and warm, and watch for shock."
bank,5,V2Q06,What signs might suggest that a person is bleeding internally after a traumatic injury?,0.3684210526315789,1366,What signs indicate that a casualty might have suffered a neck injury after a fall?,"Signs of a neck injury include pain or stiffness in the neck, numbness in limbs, inability to move parts of the body, or unconsciousness. Avoid moving the person and support the head in a neutral position until medical help arrives.","Suspect internal bleeding if the abdomen is tender, rigid or distended; there is bruising over the abdomen, flanks or groin; the person coughs or vomits blood or passes blood in urine; or shock develops with no visible wound. Lay them flat, raise the legs unless spinal or leg injury is suspected, keep them still and warm. Give nothing to eat or drink. Evacuate fast."
bank,6,V2Q07,Why is it important to keep a casualty with a significant bleed warm and as still as possible?,0.42857142857142855,2379,Why is it important to keep a conscious stroke victim propped up and warm?,"Propping up a conscious stroke victim helps improve blood flow and breathing. Loosening tight clothing reduces pressure, and keeping them warm maintains body temperature, which can drop due to shock. This position also helps manage secretions, especially if swallowing is impaired.","Movement raises heart rate and blood pressure, which can dislodge a forming clot. Cold constricts peripheral vessels, diverts blood from vital organs, and impairs clotting directly. Stillness protects the clot and lowers demand on a compromised circulation; warmth keeps clotting working. Together they slow hypovolaemic shock."
bank,7,V2Q08,"What should you do if you find an adult who has collapsed, is unresponsive, and is not breathing normally?",0.47368421052631576,86,What should you do if you find someone unconscious and not breathing?,"If you find someone unconscious and not breathing, call emergency services immediately. Start CPR (Cardiopulmonary Resuscitation) by performing chest compressions at a rate of 100–120 compressions per minute. If trained, provide rescue breaths. Continue CPR until help arrives or the person starts breathing.","Start CPR now. Heel of one hand on the centre of the chest, the other interlocked on top. Compress at least 5 centimetres at 100 to 120 per minute with full recoil. Give 2 rescue breaths after every 30 compressions if willing and able; otherwise compress continuously. Send anyone present for an AED. Continue until signs of life or help arrives."
bank,8,V2Q09,How do you check for signs of life in an unresponsive adult before deciding whether to start CPR?,0.42857142857142855,3443,How do you check for signs of circulation in an unconscious casualty?,"Look for normal breathing, movement, coughing, or responsiveness. If none are present, check for a pulse at the neck (carotid artery) if trained. Begin CPR immediately if signs of circulation are absent and you are trained to do so.","Check the scene is safe. Tap the shoulders and shout. If no response, tilt the head back, lift the chin, and look, listen and feel for normal breathing for up to 10 seconds. Occasional gasping is not normal breathing. If breathing is not normal, start CPR. Do not delay CPR to check a pulse."
bank,9,V2Q10,What signs tell you that CPR chest compressions are being performed effectively?,0.4,2823,What are the signs that CPR is working effectively?,"Signs that CPR is working effectively include a noticeable rise and fall of the chest during rescue breaths, a pulse being detected after chest compressions, and the person beginning to show signs of consciousness, such as coughing, breathing, or movement.","Effective compressions depress the chest at least 5 centimetres with full recoil each time; keep hands in contact but release pressure completely between compressions. Rate 100 to 120 per minute, about two per second. Depth falls as the rescuer tires, so swap every two minutes if possible. Keep interruptions under 10 seconds."
bank,10,V2Q11,How should you use an AED when it arrives during a cardiac arrest resuscitation?,0.30434782608695654,1624,How should you manage CPR when dealing with a pregnant woman who is in cardiac arrest?,"When performing CPR on a pregnant woman, the technique is similar to that for adults. However, if the pregnancy is advanced, you should tilt the woman slightly to the left to relieve pressure on the major blood vessels and help improve blood flow to the heart and brain.","Turn the AED on and follow its prompts. Place pads on bare dry skin, one below the right collarbone, one on the left chest below the armpit. Ensure nobody touches the person during analysis. If a shock is advised, warn everyone, confirm no contact, then shock. Resume compressions immediately."
bank,11,V2Q12,Why is it recommended not to stop CPR to check for a pulse more frequently than every 2 minutes?,0.36,986,Why is it recommended to alternate between compressions and rescue breaths every 2 minutes during CPR?,It is recommended to alternate between compressions and rescue breaths every 2 minutes to prevent fatigue. Alternating helps maintain the quality and effectiveness of CPR while ensuring the person continues receiving oxygenated blood to vital organs.,"Stopping compressions drops coronary and cerebral perfusion pressure to zero immediately, and it takes several seconds to rebuild it. Frequent pauses therefore cut resuscitation effectiveness. Pulse checks are also unreliable: rescuers and clinicians alike misjudge them under stress. The cost of the pause is certain; the value of the check is not."
bank,12,V2Q13,What should you do if you are the only person present when someone collapses in cardiac arrest and there is no phone signal available?,0.48,1180,What should you do if you are unsure whether the person is in cardiac arrest?,"If you are unsure whether the person is in cardiac arrest, check for signs such as unresponsiveness and absence of normal breathing or pulse. If the person is unresponsive and not breathing or only gasping, start CPR immediately while waiting for emergency medical assistance.","Start CPR immediately: 30 compressions to 2 rescue breaths, at least 5 centimetres deep, 100 to 120 per minute. With no way to call for help, stay and keep compressing; leaving the patient more than 10 seconds sharply reduces survival. For a child, give 2 minutes of CPR before briefly leaving to signal."
bank,13,V2Q14,What should you do if a young child swallows a button battery or small magnet?,0.5333333333333333,4070,What if my child swallows a small button battery?,"Swallowing a small button battery can be extremely dangerous and may cause burns, internal bleeding, or damage to the digestive tract. It requires immediate medical attention. Do not induce vomiting and avoid giving your child anything to eat or drink. Contact emergency services right away.",Give nothing to eat or drink. Do not induce vomiting. Note the time swallowed and the object type. A button battery in the oesophagus burns tissue within 2 hours; magnets attract through bowel walls and can perforate. Both need urgent endoscopy. Get the child to a facility capable of emergency endoscopy fast.
bank,14,V2Q15,How do you remove a foreign object that is visibly lying on the surface of the eye without being embedded?,0.28,664,How do I manage an eye injury where the object is embedded in the eye?,"In the case of an object embedded in the eye, do not try to remove the object or examine the injury. Instead, gently lay the person down, cover the injured eye with a sterile dressing, and seek medical assistance immediately. The object must be removed by a medical professional to prevent further damage.","Do not rub the eye. Tilt the head with the affected eye down and pour clean water or saline from the inner corner outward to flush it out. If visible on the white of the eye, lift it away with the damp corner of a clean cloth. If flushing fails or pain persists, cover the eye without pressure and seek care."
bank,15,V2Q16,Why should you not rub an eye when there is a suspected foreign object in it?,0.36363636363636365,3818,Why is it advised not to disturb a foreign object embedded in a bleeding wound?,"Removing the object could cause more severe bleeding or internal damage. Instead, apply a ring pad around the object to control bleeding and wait for trained professionals to remove it safely in a controlled environment.","Rubbing drives a surface particle deeper into the conjunctiva or cornea, turning a loose object into an embedded one, and abrades the cornea, which is painful and infection-prone. A metal fragment can be pushed through the globe, risking permanent vision loss. Flush gently with water instead."
bank,16,V2Q17,What signs indicate that a child's fever has reached a level requiring immediate emergency medical attention?,0.38095238095238093,4115,What signs indicate that an asthma attack has progressed to a medical emergency?,"Warning signs include increasing difficulty speaking, confusion, blue lips, little or no relief after reliever use, and rapid deterioration. These indicate a severe attack needing urgent medical attention. Continue administering reliever puffs and call emergency services immediately.","Transport urgently for: temperature above 40 degrees Celsius; any fever above 38 degrees in an infant under 3 months; a rash that does not fade under pressure, suggesting meningococcal disease; seizure with fever; difficulty waking; difficulty breathing; a very unwell appearance; stiff neck or bulging fontanelle."
bank,17,V2Q18,What should you do for someone who has fainted and collapsed to the ground?,0.4444444444444444,3332,What should I do if someone faints and falls to the ground?,"If someone faints and falls to the ground, carefully check for any injuries first. Lay them down in a safe position with their feet raised, and check their pulse and breathing. Loosen tight clothing and ensure they have fresh air. Seek medical help if they do not regain consciousness soon.","Check for a response. If unresponsive and not breathing normally, start CPR. If breathing, lay them flat and raise the legs above heart level. Loosen tight clothing. Give nothing to eat or drink. Do not leave them alone. Once conscious, keep them lying down before letting them sit up slowly."
bank,18,V2Q19,What should you do if someone who fainted does not regain consciousness within one to two minutes?,0.3333333333333333,86,What should you do if you find someone unconscious and not breathing?,"If you find someone unconscious and not breathing, call emergency services immediately. Start CPR (Cardiopulmonary Resuscitation) by performing chest compressions at a rate of 100–120 compressions per minute. If trained, provide rescue breaths. Continue CPR until help arrives or the person starts breathing.","Treat it as an emergency. Tilt the head back and lift the chin. If breathing, roll them onto their side into the recovery position and monitor breathing. If breathing stops, start CPR. Note the time of collapse. Do not leave them alone. Evacuate urgently."
bank,19,V2Q20,How do you immobilise a suspected fracture of the forearm before medical help arrives?,0.3888888888888889,3716,How do you assess the severity of a fracture in the field?,"Look for visible deformity, inability to move the limb, intense pain, swelling, and bruising. If the bone is exposed, this is a compound fracture, which is more severe. Any injury suspected to be a fracture should be immobilized and medical help sought immediately.","Do not straighten the arm. Support it in the position found. Make a sling from a triangular bandage or improvised cloth to hold the arm across the chest at about 90 degrees of elbow flexion. Pad bony prominences. Never bandage over the fracture site. Check circulation, sensation and movement in the fingers before and after."
bank,20,V2Q21,What are the signs that suggest a person may have a fracture rather than a severe sprain?,0.45,999,What are the signs that indicate a fracture may have damaged nearby blood vessels?,"Signs of blood vessel damage include excessive swelling, bruising around the fracture site, or visible pulsating from the wound. If there is any significant bleeding or color change in the extremities (e.g., pale or blue fingers/toes), immediate medical intervention is needed to control bleeding and prevent further complications.","Fracture is more likely with an audible crack or snap; visible deformity or abnormal angulation; crepitus on palpation; severe pain worsening with pressure over the bone; swelling and bruising within minutes; inability to bear weight; numbness or tingling below the injury; or bone visible through the skin. If in doubt, treat as a fracture: immobilise and keep weight off."
bank,21,V2Q22,Why should you not attempt to straighten a fractured or dislocated limb?,0.3684210526315789,595,Why should you not give food or drink to a casualty during an emergency?,"Giving food or drink to a casualty during an emergency can be dangerous, especially if surgery or medical procedures might be needed later. It could also cause choking if the person is semi-conscious or unconscious. Always wait until professional help arrives.","Sharp bone ends can lacerate arteries, veins and nerves, and forcing the limb can tent the skin and convert a closed fracture to an open one. Forcing a dislocation can trap bone or soft tissue in the joint and permanently compromise its blood supply. Immobilise in the position found, padded. Do not reduce or realign."
bank,22,V2Q23,What does the RICE method involve and when is it appropriate to use it?,0.35294117647058826,1938,"What is the Heimlich maneuver, and how does it work?","The Heimlich maneuver is a first aid procedure used to treat upper airway obstructions (or choking). It involves delivering abdominal thrusts just above the navel, which forces air from the lungs to expel the object blocking the airway. It is used when a person is unable to breathe due to choking.","RICE is Rest, Ice, Compression, Elevation. Rest: stop activity. Ice: a cold pack wrapped in cloth for 20 minutes every 2 hours for 48 hours, never directly on skin. Compression: a firm elastic bandage, checking circulation to fingers or toes. Elevation: raise the limb above heart level. Not for fractures, dislocations or open wounds."
bank,23,V2Q24,How can you help someone who is experiencing a severe cramp in their calf muscle?,0.3684210526315789,781,How can you prevent shock in someone who is severely dehydrated?,"To prevent shock in someone who is severely dehydrated, it is important to rehydrate them by giving fluids, ideally an oral rehydration solution (ORS). Monitor their vital signs closely and provide immediate medical attention if their condition worsens, as dehydration can rapidly lead to shock if left untreated.","Stop the activity and have the person sit or lie down. Stretch the calf by pulling the toes and ball of the foot toward the shin, holding steadily without forcing. Do not massage hard during the cramp. If the calf is swollen and tender, seek assessment for deep vein thrombosis."
bank,24,V2Q25,What should you do if someone who is standing suddenly begins to have a tonic-clonic seizure?,0.4,4333,What should you do if someone is stung by a jellyfish?,"If stung by a jellyfish, rinse the affected area with vinegar to neutralize the venom. Do not rub the sting site. Seek medical help immediately, especially for stings from dangerous species like box jellyfish.","Lower them to the ground. Do not restrain them. Do not put anything in their mouth. Clear hard objects away and put something soft under the head. Note the time it starts. When convulsions stop, roll them onto their side into the recovery position and monitor breathing. Seek assessment for a first seizure, one over 5 minutes, or failure to return to normal awareness."
bank,25,V2Q26,Why should a person who has sustained a concussion not return to sport or vigorous activity on the same day?,0.2916666666666667,4260,How should I treat a person who has a snakebite on the leg?,"If someone has been bitten by a snake on the leg, keep them calm and still. Try to keep the bitten leg immobilized and elevated slightly. Do not attempt to suck out the venom or apply ice. Call emergency services immediately and, if possible, identify the snake to help with treatment.","After a concussion the brain has reduced blood flow and impaired energy regulation. Exertion raises metabolic demand exactly when the brain cannot meet it, prolonging symptoms. A second impact before the first resolves can cause second-impact syndrome, a rapid and potentially fatal brain swelling. Resume only through a graduated protocol after a symptom-free period."
bank,26,V2Q27,How do you recognise the difference between hypoglycaemia and hyperglycaemia in a conscious person with known diabetes?,0.3333333333333333,1349,How do you assist a conscious person with a suspected fractured jaw?,"If the person is conscious and able to assist, help them sit in the most comfortable position and instruct them to support their jaw with their own hand. Do not attempt to bandage or manipulate the jaw. Reassure the person and call for medical help immediately.","Hypoglycaemia develops over minutes: pale sweaty skin, shakiness, confusion, hunger, palpitations, glucose below 4 mmol/L. Hyperglycaemia develops over hours: heavy thirst, frequent urination, fruity breath, fatigue. If unsure and the person is conscious and can swallow safely, give sugar. If they cannot swallow safely, give nothing by mouth. Seek care if no improvement within 15 minutes."
bank,27,V2Q28,What are the early warning signs that someone is about to faint?,0.5333333333333333,2012,What are the signs that a seizure is about to occur?,"Some people with epilepsy may experience a warning sign called an aura before a seizure. This can include visual disturbances, strange smells, a feeling of déjà vu, or other sensory changes. However, not all individuals experience auras, and seizures can happen suddenly.","Warning signs include sudden lightheadedness, pale or ashen skin, cold clammy sweating, nausea, tunnel vision or greying out, a slow weak pulse, ringing in the ears, and leg weakness. These appear 30 seconds to a few minutes before collapse. Get them lying flat and raise their legs."
bank,28,V2Q29,"What should you do if a conscious adult is choking on food, cannot speak or cough effectively, and is beginning to turn blue?",0.5,3876,What should I do if a choking adult is unable to cough or speak?,"If a choking adult is unable to cough or speak, their airway is likely completely blocked. You should immediately perform the Heimlich maneuver. Position the person upright, place your hands just above their navel, and deliver quick, inward and upward thrusts until the object is expelled or they become unresponsive.","Lean the person forward and give up to 5 back blows between the shoulder blades with the heel of your hand, checking the mouth after each. If they fail, give up to 5 chest thrusts: same landmark as CPR compressions, on the lower half of the breastbone, but sharper and slower. Alternate until it clears. If they lose consciousness, start CPR."
bank,29,V2Q30,What should you do if someone with known asthma is having an attack and multiple doses from their reliever inhaler have not helped?,0.4642857142857143,749,How should I assist someone having an asthma attack if they do not have their inhaler with them?,"If someone is having an asthma attack and they don’t have their medication with them, call an ambulance immediately and inform them it's an asthma emergency. While waiting, help the person sit in a quiet, warm place and stay calm. Do not leave them alone, and avoid lying them down. Ambulances are equipped to handle asthma, including in children.","Keep them calm and upright, leaning slightly forward. Do not lay them flat. Give 4 puffs of the blue reliever every 4 minutes while preparing for evacuation. Do not give sedatives or antihistamines. No response after 4 or more puffs means a life-threatening attack needing hospital treatment. If they stop breathing normally, start CPR."
bank,30,V2Q31,Why is it important to place an unconscious but breathing person in the recovery position?,0.7058823529411765,529,Why is it important to place an unconscious choking person in the lateral position?,"Placing an unconscious choking person in the lateral position helps maintain their airway, monitor their breathing and pulse, and ensures that any obstructed airways can be cleared while waiting for medical assistance. This position also helps prevent choking on vomit.",An unconscious person loses the reflexes that stop the tongue obstructing the airway and stop vomit being inhaled. Lying on the side with the top knee bent forward and the head tilted back keeps the airway open and lets fluid drain. Do not use it if spinal injury is suspected unless the airway cannot be maintained otherwise.
bank,31,V2Q32,What are the signs that a person rescued from drowning requires CPR rather than just observation and monitoring?,0.36363636363636365,1883,What signs indicate that a person is drowning and not just swimming?,"Drowning often happens quietly. Watch for signs such as struggling to keep their head above water, silent gasping, an upright posture with minimal leg movement, or an inability to call for help. Immediate response is crucial even if they aren’t actively calling or waving for help.","Start CPR if the person is unresponsive and not breathing normally after removal from the water. Agonal gasping is not normal breathing. Coughing, spluttering or movement means they are breathing: monitor closely, as deterioration can be delayed. Anyone rescued needs medical assessment even if apparently recovered. For drowning, give 5 rescue breaths before compressions."
bank,32,V2Q33,How should you apply pressure immobilisation bandaging to a suspected snake bite on the lower leg?,0.3,98,How should I handle a snake bite on a pregnant woman?,"In the case of a pregnant woman, apply pressure immobilization as you would for any other victim, but keep the woman as calm and still as possible. Ensure she is in a comfortable position, and monitor for signs of shock or distress. Immediate medical attention is necessary, and you should provide as much information as possible to paramedics about the pregnancy.","Apply pressure immobilisation immediately. Do not wash the bite: residual venom identifies the species and determines the antivenom. Starting at the toes, wrap a firm elastic or crepe bandage upward over the whole limb, as firmly as for a sprain. Add a second bandage as far up the limb as possible and splint with rigid material. The person must not walk. Evacuate urgently for antivenom; the bandage stays on until hospital."
bank,33,V2Q34,What should you do if someone is stung by a box jellyfish at a beach in tropical Australia?,0.7058823529411765,503,What should you do if someone is stung by a box jellyfish?,"If stung by a box jellyfish, immediately remove the victim from the water and rinse the sting site with vinegar. Do not rub the sting site, and seek immediate medical aid, as these stings can be fatal.","Flood the sting with undiluted vinegar immediately for at least 30 seconds. Do not rub the area, apply fresh water, or handle tentacles bare-handed; each triggers further venom release. Remove tentacles with tweezers or gloved hands after the vinegar. If they stop breathing normally, start CPR at once."
bank,34,V2Q35,"Why should you avoid cutting, sucking, applying a tourniquet to, or washing a snake bite wound?",0.42857142857142855,3573,Why is it important to avoid cutting or sucking out venom from a snake bite?,Cutting or sucking out venom from a snake bite can worsen the situation by increasing the spread of venom and causing further injury. The best approach is to apply pressure immobilization and seek medical help immediately.,"Cutting and sucking remove negligible venom while causing tissue damage and infection risk. Washing removes the residual venom used to identify the species, which determines the antivenom given. A tourniquet causes ischaemic damage while doing nothing to stop spread, because Australian snake venom travels via the lymphatic system. Pressure immobilisation is the only evidence-based first aid."
bank,35,V2Q36,"How do you recognise heat stroke, and what must you do immediately?",0.46153846153846156,1629,How do you differentiate between heat exhaustion and heat stroke?,"Heat exhaustion occurs with symptoms like heavy sweating, weakness, nausea, and dizziness, and is often caused by dehydration or excessive heat exposure. Heat stroke, however, is a life-threatening condition characterized by a body temperature above 40°C, confusion, lack of sweating, and unconsciousness. Immediate medical attention is required for heat stroke.","Heat stroke is life-threatening. Recognise it by core temperature above 40 degrees Celsius, hot dry skin, confusion or unconsciousness, and a rapid strong pulse. Move to the coolest place and remove excess clothing. Cool at once: ice packs to neck, armpits and groin; wet the skin and fan vigorously; or immerse in cool water if safe. Give no fluids to anyone confused or unconscious. Begin cooling within minutes."
bank,36,V2Q37,What should you do if someone has a partial thickness burn covering a significant area of their forearm?,0.4444444444444444,3217,What should you do if someone has a nosebleed?,"If someone has a nosebleed, first instruct them not to blow their nose and to breathe through their mouth. Have them sit down and lean slightly forward to avoid swallowing blood. Ask them to pinch their nostrils together and hold for about 10 minutes. Loosen any tight clothing around their neck, chest, and waist. If the bleeding continues, repeat the process. Avoid blowing the nose for several hours after the bleeding stops. If the bleeding persists, seek medical attention.","Cool the burn under cool running water for a full 20 minutes immediately. Do not use ice, iced water, butter, toothpaste or creams. Then cover loosely with clean non-fluffy material such as cling film. Do not wrap tightly or burst blisters. Remove rings and tight clothing before swelling begins, unless stuck to the wound. Seek hospital assessment."
bank,37,V2Q38,"Why should you not apply butter, toothpaste, oil, or ice directly to a burn?",0.3333333333333333,595,Why should you not give food or drink to a casualty during an emergency?,"Giving food or drink to a casualty during an emergency can be dangerous, especially if surgery or medical procedures might be needed later. It could also cause choking if the person is semi-conscious or unconscious. Always wait until professional help arrives.","Butter, oils and toothpaste trap heat in burned tissue and block the cooling running water provides. They also feed bacteria, raising infection risk. Ice constricts vessels at the burn margins, reducing blood flow to tissue that might survive, and risks frostbite. Cool running water for 20 minutes is the only evidence-based treatment."
bank,38,V2Q39,What are the signs of carbon monoxide poisoning and what should you do if you suspect it?,0.47058823529411764,2111,What are the signs of poisoning from inhaling carbon monoxide?,"Signs of poisoning from inhaling carbon monoxide include headache, dizziness, nausea, vomiting, confusion, weakness, and shortness of breath. In severe cases, loss of consciousness, chest pain, and even death can occur. Seek fresh air immediately and get medical help urgently.","Carbon monoxide poisoning causes headache, dizziness, nausea, confusion and fatigue, resembling flu without fever. Several people or pets affected in the same space suggests it. Do not enter without breathing apparatus. Move the person to fresh air if safe. Monitor breathing, as effects can worsen after apparent recovery. If unresponsive, start CPR."
bank,39,V2Q40,What should you do if you find a conscious but confused person who you suspect may have taken an overdose of medication?,0.391304347826087,1317,What should you do if a person is choking but still conscious?,"Encourage the person to cough if they can. If coughing is ineffective, perform back blows by striking the person between the shoulder blades with the heel of your hand. If this doesn't work, perform abdominal thrusts (Heimlich maneuver) until the object is dislodged.","Do not induce vomiting. Note any medication containers. Keep the person awake and talking. If they become drowsy, roll them onto their side into the recovery position. Give nothing to eat or drink. Monitor breathing. If breathing stops or becomes abnormal, start CPR. Transport urgently with all containers."
bank,40,V2Q41,What precautions should you take when you need to help move a casualty who may have sustained a spinal injury?,0.47619047619047616,375,What precautions should you take when moving a casualty with a possible spinal injury?,"When moving a casualty with a potential spinal injury, it's crucial to support the head, neck, and spine at all times. The movement should be smooth and controlled, without jerking the body. Improper handling can worsen spinal injuries and lead to permanent damage.","Do not move a suspected spinal injury casualty unless there is immediate danger to life. If movement is unavoidable, one person holds the head in neutral alignment with the spine. Use a log-roll with a minimum of three rescuers: one controls the head, two roll the body as one rigid unit. Do not sit or stand the casualty."
val,13,,How can fainting be prevented in athletes?,0.75,427,How can fainting be prevented in children?,"In children, fainting can often be prevented by ensuring they stay hydrated, avoid standing for long periods, and take regular breaks during physical activity. Additionally, children should be encouraged to rest when feeling faint or dizzy.","In athletes, fainting can be prevented by staying hydrated, taking regular breaks, and avoiding overexertion. It is also important to avoid exercising in extreme heat and to ensure a proper warm-up and cool-down routine."
val,68,,How should I treat a person who is bleeding from a scalp wound?,0.7857142857142857,1246,How should I treat a person who is bleeding from a large open wound?,"For a large open wound, apply direct pressure with a clean cloth or bandage to control bleeding. If the bleeding is severe, elevate the injured limb if possible and apply more pressure. Avoid removing any embedded objects from the wound. Cover the wound with a sterile dressing, and seek medical help immediately to ensure proper wound care and control of bleeding.","For a scalp wound, apply gentle pressure to stop the bleeding. Use a clean cloth or bandage and press firmly on the wound. If blood continues to flow, keep applying more pressure. If the wound is large or deep, seek medical help immediately. Avoid removing any embedded objects from the wound."
val,78,,How do I treat a sprained ankle?,0.75,87,How do I treat a sprained wrist?,"For a sprained wrist, follow the R.I.C.E method: Rest, Ice, Compression, and Elevation. Apply ice wrapped in a cloth to the injured wrist to reduce swelling. Use an elastic bandage to compress the wrist and help stabilize it. Elevate the wrist above the heart level to further reduce swelling. Avoid using the wrist and seek medical attention if pain persists.","To treat a sprained ankle, follow the R.I.C.E method: Rest, Ice, Compression, and Elevation. Rest the injured ankle, apply ice wrapped in a cloth to reduce swelling, and compress the ankle with an elastic bandage. Elevate the ankle above heart level to further reduce swelling. Avoid walking on the injured ankle and seek medical help if there’s severe pain or difficulty moving the joint."
val,119,,What are the first signs of poisoning from inhaling carbon monoxide?,1.0,648,What are the first signs of poisoning from inhaling carbon monoxide?,"The first signs of carbon monoxide poisoning include dizziness, headache, nausea, vomiting, confusion, shortness of breath, and a general sense of weakness. In more severe cases, unconsciousness may occur. It is important to get the person to fresh air immediately and seek urgent medical help.","The first signs of carbon monoxide poisoning include headache, dizziness, nausea, vomiting, and confusion. As exposure increases, symptoms can worsen to include shortness of breath, loss of consciousness, and even death. If you suspect carbon monoxide poisoning, immediately get the person to fresh air and seek medical attention."
val,154,,What is the best way to prevent young children from swallowing small objects?,0.8461538461538461,1926,What is the best way to prevent children from swallowing objects?,"The best way to prevent children from swallowing objects is to regularly inspect toys and household items for small, loose, or sharp parts. Keep choking hazards out of reach, and supervise children during play, especially if they are playing with small items. Education and awareness are also crucial in preventing accidents.","To prevent young children from swallowing small objects, regularly check toys for small parts, and avoid giving children small objects like coins, beads, or buttons. Store dangerous objects out of reach and educate children about the risks of putting things in their mouths."
val,166,,What should I do if a person’s eye becomes swollen after a blow to the face?,0.7894736842105263,1714,What should I do if a person’s eye is swollen and closed after a blow to the face?,"If a person’s eye is swollen and closed after a blow to the face, apply an ice pack to the affected area, but not directly on the eye. This will help reduce swelling and pain. If the swelling persists or if there is any concern about the eye itself, seek medical advice.","If a person's eye becomes swollen after a blow to the face, apply an ice pack wrapped in a cloth to the area. Avoid placing ice directly on the eye. If the swelling worsens or if there is difficulty seeing, seek medical advice immediately."
val,173,,"What should I do if my child swallows a small, smooth object?",0.7857142857142857,901,"What should I do if my child swallows a small, hard plastic object?","If your child swallows a small, hard plastic object, it is crucial to seek medical help immediately. The object could cause choking, a blockage, or irritation in the digestive system. Do not give your child anything to eat or drink, and take them to the hospital as soon as possible for evaluation and potential treatment.","Small, smooth objects usually do not pose a significant risk. However, you should monitor the child closely for any signs of distress or discomfort. If there are no immediate symptoms and the object seems to have passed through the digestive system without causing issues, it is generally not a concern. Nevertheless, it’s always a good idea to consult a doctor for peace of mind."
val,184,,Why is it important to leave the bottom edge of a dressing open over a sucking wound?,0.8333333333333334,573,Why is it important to leave the bottom edge of the dressing open when treating a sucking wound?,"Leaving the bottom edge of the dressing open is important because it allows air to escape from under pressure, preventing further collapse of the lung. If the bottom edge were taped shut, it could trap air inside, worsening the lung collapse and making it harder for the casualty to breathe.","Leaving the bottom edge of the dressing open is important because it allows air to escape from the chest cavity under pressure. If the bottom edge is sealed, the trapped air could cause further lung collapse or create additional pressure inside the chest. This open area ensures that the casualty can breathe more easily."
val,189,,How should I treat a black eye if there is no ice pack available?,1.0,2931,How should I treat a black eye if there is no ice pack available?,"If no ice pack is available, you can use a cold compress or a clean cloth soaked in cold water to apply to the black eye. This will help reduce swelling. Be sure not to apply any cold directly to the eye itself. If the swelling does not decrease or the eye becomes painful, seek medical advice.","If no ice pack is available, you can use a cold compress or a clean cloth soaked in cold water to apply to the black eye. This will help reduce swelling. Be sure not to apply any cold directly to the eye itself. If the swelling does not decrease or the eye becomes painful, seek medical advice."
val,190,,How can I tell if someone has a foreign body embedded in their eye?,1.0,3343,How can I tell if someone has a foreign body embedded in their eye?,"Signs that someone has a foreign body embedded in their eye include intense pain, redness, watering of the eye, a gritty feeling, and sensitivity to light. If these symptoms occur, do not attempt to remove the object and seek medical help immediately.","Signs that someone has a foreign body embedded in their eye include intense pain, redness, watering of the eye, a gritty feeling, and sensitivity to light. If these symptoms occur, do not attempt to remove the object and seek medical help immediately."
val,197,,How can you differentiate between a mild and severe muscle strain?,0.75,327,How can you differentiate between a cramp and a muscle strain?,"A cramp is an involuntary muscle contraction that comes on suddenly and is usually accompanied by sharp pain. It can last for a few seconds or minutes. A muscle strain, on the other hand, is a tear or overextension of the muscle fibers, leading to pain, swelling, and difficulty moving the affected muscle.","A mild muscle strain may involve slight discomfort, minimal swelling, and no significant loss of strength or range of motion. A severe muscle strain is characterized by intense pain, significant swelling, bruising, and a noticeable loss of strength or the ability to move the affected limb. Severe strains may require medical evaluation."
val,210,,What should you do if someone is bleeding heavily from a wound on the leg?,0.8333333333333334,3488,What is the first thing you should do if someone is bleeding heavily from a wound on their leg?,"The first step is to lay the casualty down to help reduce the risk of shock, unless they have chest injuries. Then, check the wound for any foreign bodies or protruding bone. If clear, apply direct pressure using your hands or a clean cloth if no sterile dressing is available. If there's no obvious fracture, raise the leg to reduce blood flow to the area. Apply a firm bandage over the dressing. Monitor for shock and seek urgent medical help.","Apply direct pressure on the wound with a clean cloth or bandage. If the bleeding doesn't stop, elevate the leg and apply a tourniquet above the injury if necessary. Keep the person calm and still while waiting for emergency help."
val,211,,What are the best practices for handling an eye injury involving foreign bodies?,1.0,4285,What are the best practices for handling an eye injury involving foreign bodies?,"In the case of an eye injury with a foreign body, never attempt to remove an object embedded in the eye. Avoid allowing the person to touch or rub the eye. Apply thick padding around the injured eye and cover it with a sterile dressing, ensuring not to press on the eye itself. Seek medical aid urgently.","In the case of an eye injury with a foreign body, never attempt to remove an object embedded in the eye. Avoid allowing the person to touch or rub the eye. Apply thick padding around the injured eye and cover it with a sterile dressing, ensuring not to press on the eye itself. Seek medical aid urgently."
val,217,,What should I do if a chemical splash causes pain and redness in the eye?,1.0,2710,What should I do if a chemical splash causes pain and redness in the eye?,"If a chemical splash causes pain and redness in the eye, immediately flush the eye with cool running water for at least 20 minutes. This helps dilute and wash away the chemical. After flushing, apply a sterile dressing or eye pad to the eye and seek medical assistance immediately.","If a chemical splash causes pain and redness in the eye, immediately flush the eye with cool running water for at least 20 minutes. This helps dilute and wash away the chemical. After flushing, apply a sterile dressing or eye pad to the eye and seek medical assistance immediately."
val,218,,What are the dangers of inserting small objects into the ear canal?,0.75,839,What are the dangers of inserting foreign objects into the ear?,"Inserting foreign objects into the ear can cause damage to the eardrum, ear canal, or hearing structures, leading to infection, pain, or permanent hearing loss. It can also push the object deeper into the ear, making removal more difficult.","Inserting small objects into the ear canal can damage the eardrum, cause bleeding, push wax or debris deeper into the ear, and increase the risk of ear infections. It can also lead to a perforated eardrum if not properly handled."
val,232,,What action should I take if someone gets a flash burn from welding and feels a gritty sensation in their eye?,1.0,2332,What action should I take if someone gets a flash burn from welding and feels a gritty sensation in their eye?,"If someone feels a gritty sensation in their eye after a flash burn, avoid rinsing with water. Instead, apply a clean, sterile dressing or eye pad to the injured eye and seek medical help immediately to address the burn.","If someone feels a gritty sensation in their eye after a flash burn, avoid rinsing with water. Instead, apply a clean, sterile dressing or eye pad to the injured eye and seek medical help immediately to address the burn."
val,234,,What should I do if a person has been exposed to chemical burns?,0.8571428571428571,1207,What should I do if a person has been exposed to a chemical spill?,"If a person has been exposed to a chemical spill, immediately move them to a safe area away from the spill. Remove any contaminated clothing and rinse the affected skin with large amounts of water for at least 20 minutes. Do not use chemicals to neutralize the substance unless directed by professionals. Seek emergency medical help immediately.","For chemical burns, remove the person from the source of exposure immediately. Rinse the burn area with copious amounts of water for at least 20 minutes to dilute the chemical. Avoid using neutralizing chemicals, as they may cause further injury. Cover the burn with a sterile dressing, and seek emergency medical help immediately."
val,251,,What is the proper way to treat a foreign body in the eye that cannot be removed?,1.0,3039,What is the proper way to treat a foreign body in the eye that cannot be removed?,"If a foreign body cannot be removed from the eye, do not attempt to touch or remove it yourself. Protect the eye by applying a sterile dressing and avoid putting pressure on the injured eye. Seek immediate medical help for further assessment and treatment.","If a foreign body cannot be removed from the eye, do not attempt to touch or remove it yourself. Protect the eye by applying a sterile dressing and avoid putting pressure on the injured eye. Seek immediate medical help for further assessment and treatment."
val,262,,Can you flush a flash burn to the eye with water?,1.0,1237,Can you flush a flash burn to the eye with water?,"No, you should not flush a flash burn with water. Instead, apply a clean, sterile dressing or eye pad to protect the eye and seek immediate medical assistance.","No, you should not flush a flash burn with water. Instead, apply a clean, sterile dressing or eye pad to protect the eye and seek immediate medical assistance."
val,271,,What should I do if a person is choking but still conscious and able to cough?,0.7777777777777778,3340,What should I do if a child is choking and unable to cough but still conscious?,"If a child is choking but unable to cough and is still conscious, place them with their head slightly lower than their chest and give 3-4 sharp slaps between the shoulder blades. If this does not dislodge the object, seek immediate medical help.","If the person is conscious and able to cough, encourage them to continue coughing to help clear the obstruction. Do not slap them on the back as this may cause the object to shift and worsen the blockage. If the person stops coughing or becomes unable to breathe, seek medical help immediately."
val,277,,What should you do if the casualty's chest does not rise when attempting rescue breaths?,0.7777777777777778,2899,What should you do if the casualty’s chest does not rise after giving rescue breaths?,"If the chest does not rise after giving rescue breaths, check the casualty’s head position to ensure the airway is open. Reassess the seal between the rescuer’s mouth and the casualty’s mouth or nose. If the airway is still blocked, attempt to clear it and try again. If the chest still does not rise, consider performing abdominal thrusts to dislodge any obstruction.","If the chest does not rise during rescue breaths, reposition the casualty’s head and attempt to open the airway again. It could indicate a blockage, so check for foreign objects and remove them if necessary before trying rescue breaths again."
val,279,,What is the recovery position and when should it be used?,1.0,176,"What is the recovery position, and when should it be used?","The recovery position (or side position) is used to stabilize an unconscious person. It is particularly important for someone who is breathing but unconscious. By placing them on their side, you help keep their airway open and allow fluids to drain from their mouth, preventing choking or aspiration.",The recovery position is a side-lying position used to help maintain an open airway and prevent choking in an unconscious but breathing person. It should be used when the person is unresponsive but still breathing to allow fluids to drain from their mouth and ensure they do not choke.
val,295,,What should you do if the unconscious person has a strong pulse but is not breathing?,0.7647058823529411,1841,What should you do if a person is unconscious but breathing and has a pulse?,"If the person is unconscious but still breathing and has a pulse, place them in the side position (also known as the recovery or lateral position). Ensure their airway remains clear and open. Continuously check their breathing and pulse until medical help arrives.","If the unconscious person has a strong pulse but is not breathing, perform rescue breathing. You should provide two slow breaths into the person's mouth (or nose for an infant), making sure their chest rises. Afterward, check for breathing again, and continue to monitor their pulse and breathing until medical assistance arrives."
val,297,,How does body temperature relate to hypothermia?,0.75,229,How does body temperature relate to shock?,"In shock, the body may experience a drop in temperature due to poor blood circulation and the loss of heat. Monitoring temperature is crucial in identifying shock early, as it can help guide appropriate interventions such as warming the person and treating the underlying cause of the shock.","Hypothermia occurs when the body temperature drops below 35°C. It can happen when the body is exposed to cold environments for extended periods, leading to a decrease in the body's ability to regulate temperature. Symptoms include shivering, confusion, and slurred speech."
val,337,,Why is it important to turn off the ignition of vehicles involved in an accident?,0.7647058823529411,3104,Why is it important to turn off the ignition in vehicles involved in a road accident?,"Turning off the ignition reduces the risk of fire, electrical sparks, or unexpected vehicle movement. It also disables the engine and electronic systems that may malfunction after impact. Ensure the vehicle is stabilized with the handbrake before turning it off.","Turning off the ignition prevents the risk of fire or explosion due to leaking fuel or electrical faults. Additionally, it prevents the car from moving unexpectedly, especially if it's on a slope. Engage the handbrake and, if necessary, chock the wheels to stabilize the vehicle."
val,353,,What should you do if a child is stung by a Blue-ringed Octopus?,0.7857142857142857,4420,What should you do if you are stung by a Blue-ringed Octopus?,"The first action is to apply pressure immobilization to the affected area. Then, send for urgent medical assistance immediately. It is crucial not to leave the casualty unattended. If breathing becomes affected, begin CPR (see EMERGENCY TECHNIQUES) and continue until medical help arrives. Note that there is no antivenom available for Blue-ringed Octopus bites.","If a child is stung by a Blue-ringed Octopus, it is important to apply pressure immobilization immediately to slow the spread of venom, call for emergency medical help, and prepare to perform CPR if the child stops breathing. Do not delay medical assistance."
val,360,,What should I do if a baby is choking but still conscious?,0.8461538461538461,3006,What should I do if a baby is choking but still breathing?,"If a baby is choking but still breathing, encourage the baby to cough and relax. If the baby’s breathing becomes labored or they cannot clear the obstruction, immediately seek medical help or begin first aid procedures.","If a baby is choking but still conscious, position the baby face down on your forearm, with their head lower than their chest. Give 3-4 firm back slaps between the shoulder blades. If the object is not dislodged, perform CPR and seek immediate medical help."
val,382,,What should I do if someone is having a stroke?,0.75,3137,What should I do if someone is experiencing a heat stroke?,"If someone is experiencing heat stroke, move them to a cooler place immediately. Try to cool their body by placing them in cool water, applying cool, damp cloths to their skin, or using a fan. If they are conscious, encourage them to drink cool water. Avoid giving them alcohol or caffeine. Seek immediate medical help, as heat stroke can be life-threatening.","If someone is having a stroke, call emergency services immediately. Note the time the symptoms began, as this is important for treatment. Keep the person calm and seated in a comfortable position. Do not offer them food or drink, and avoid moving them unless absolutely necessary. If the person loses consciousness, begin CPR."
val,399,,What is the purpose of pinching the casualty’s nose during mouth-to-mouth resuscitation?,1.0,802,What is the purpose of pinching the casualty’s nose during mouth-to-mouth resuscitation?,"Pinching the casualty’s nose during mouth-to-mouth resuscitation helps create an airtight seal, preventing air from escaping through the nose. This ensures that all the air being breathed in by the rescuer is directed into the casualty's lungs, making the rescue breaths more effective.","Pinching the casualty’s nose during mouth-to-mouth resuscitation prevents air from escaping through the nose, ensuring that all the air delivered by the rescuer enters the lungs. This action helps maintain an airtight seal and increases the effectiveness of the rescue breaths."
val,484,,What are the symptoms of a flash burn to the eye?,1.0,2968,What are the symptoms of a flash burn to the eye?,"Symptoms of a flash burn to the eye include pain, sensitivity to light, a gritty feeling under the eyelids, and red or swollen eyes. These symptoms may not appear immediately but can worsen over time, making it important to seek medical aid as soon as possible.","Symptoms of a flash burn to the eye include pain, sensitivity to light, a gritty feeling under the eyelids, and red or swollen eyes. These symptoms may not appear immediately but can worsen over time, making it important to seek medical aid as soon as possible."
val,490,,How can you tell if a Blue-ringed Octopus is dangerous?,0.7692307692307693,1346,How can you tell if a Blue-ringed Octopus bite is severe?,"A Blue-ringed Octopus bite is severe if the victim begins to show symptoms such as blurred vision, numbness, difficulty swallowing, or if they lose consciousness. These symptoms indicate the venom is affecting their nervous system and respiratory function.","A Blue-ringed Octopus is considered dangerous when it displays its characteristic blue rings, which are visible when the octopus is threatened. If you notice these blue rings, it is important to avoid contact, as the venom is extremely potent."
val,491,,How do I treat a person who has been bitten by a snake?,0.8461538461538461,1293,How do I treat a person who has been bitten by a dog?,"For a dog bite, clean the wound immediately with mild soap and water. Apply an antiseptic to reduce the risk of infection. If the bite is deep, bleeding heavily, or the dog may have been rabid, seek medical help immediately. A tetanus shot or rabies vaccination may be necessary, depending on the severity of the bite and the dog's vaccination status.","If someone has been bitten by a snake, remain calm and keep the person still. Call emergency services immediately. Keep the affected limb immobilized and at or slightly below heart level. Do not attempt to suck out the venom or apply a tourniquet. Do not give the person food, water, or alcohol. If possible, note the color and shape of the snake for identification."
val,509,,What should I avoid doing when treating a venomous snake bite?,1.0,4401,What should I avoid doing when treating a venomous snake bite?,"When treating a venomous snake bite, do not attempt to suck out the venom, do not cut the wound, do not apply a tourniquet, and do not wash the venom off the skin. These actions can worsen the situation and delay proper treatment.","Avoid cutting or cauterizing the bite, sucking out the venom, applying a tourniquet, or washing off the venom. These actions can worsen the condition and delay proper medical treatment."
val,514,,What should you avoid doing when treating a stonefish sting?,0.8181818181818182,1608,What should you avoid doing when treating a stingray sting?,"Do not attempt to remove the barb from the stingray's tail, as this can worsen the injury or cause further complications. It is also important not to apply cold water or rub the affected area, as this can cause more harm.","You should avoid applying pressure immobilization when treating a stonefish sting, as this may worsen the situation."
val,520,,What are the signs and symptoms of paralysis caused by a tick bite?,0.7857142857142857,1072,What are the first signs of paralysis caused by a tick bite?,The first signs of paralysis caused by a tick bite typically include weakness or drooping of the face and eyelids. This may be followed by weakness in the arms and difficulty breathing. Early symptoms may appear within hours to a day after the bite. Immediate removal of the tick and medical intervention are essential.,"The common signs and symptoms of paralysis caused by a tick bite include irritation at the site of the bite, weakness starting from the face and eyelids, which then spreads to the arms, and breathing difficulties. The victim may experience a progressive loss of muscle control and difficulty in breathing."
test,3,,What is the difference between a complete and incomplete spinal cord injury?,0.8461538461538461,2600,What is the difference between a complete and an incomplete spinal injury?,"A complete spinal injury refers to a total loss of sensation and movement below the level of injury, meaning that the spinal cord is fully severed or damaged. An incomplete spinal injury, on the other hand, means that there is partial damage to the spinal cord, and some sensory or motor function may be preserved below the injury site.","A complete spinal cord injury results in total loss of sensation and movement below the injury site, whereas an incomplete spinal cord injury means there may still be some movement or sensation preserved. In either case, the casualty should be treated with the utmost care, and medical help should be sought immediately."
test,84,,How do I manage an eye injury where the object is embedded in the eye?,1.0,664,How do I manage an eye injury where the object is embedded in the eye?,"In the case of an object embedded in the eye, do not try to remove the object or examine the injury. Instead, gently lay the person down, cover the injured eye with a sterile dressing, and seek medical assistance immediately. The object must be removed by a medical professional to prevent further damage.","In the case of an object embedded in the eye, do not try to remove the object or examine the injury. Instead, gently lay the person down, cover the injured eye with a sterile dressing, and seek medical assistance immediately. The object must be removed by a medical professional to prevent further damage."
test,87,,How can I tell if a foreign object in the ear is causing damage?,0.8,3709,How can I tell if there is a foreign object in the ear?,"If you notice symptoms such as discomfort, pain, or a feeling of something being lodged in the ear, it may indicate the presence of a foreign object. Other signs could include a decrease in hearing or a sensation of fullness in the ear.","Signs that a foreign object is causing damage include pain, bleeding, or discomfort in the ear, as well as hearing loss or a sensation of fullness. If these symptoms occur, seek medical attention to avoid further harm."
test,88,,How do I treat a sprained ankle?,0.75,87,How do I treat a sprained wrist?,"For a sprained wrist, follow the R.I.C.E method: Rest, Ice, Compression, and Elevation. Apply ice wrapped in a cloth to the injured wrist to reduce swelling. Use an elastic bandage to compress the wrist and help stabilize it. Elevate the wrist above the heart level to further reduce swelling. Avoid using the wrist and seek medical attention if pain persists.","For a sprained ankle, follow the R.I.C.E method: Rest, Ice, Compression, and Elevation. Rest the injured ankle and avoid putting weight on it. Apply ice wrapped in a cloth to reduce swelling for 15-20 minutes every hour. Compress the ankle with an elastic bandage, and elevate it above heart level. If pain or swelling persists, seek medical help."
test,91,,How do I treat a nosebleed in a child?,0.7777777777777778,1434,How do you treat a nosebleed in a child?,"To treat a nosebleed in a child, have them sit upright and lean slightly forward to prevent blood from running down the back of the throat. Pinch the nostrils together for 10 minutes. Apply a cold compress to the back of the neck to help reduce bleeding. Avoid having the child tilt their head back, as this can cause choking.","For a child with a nosebleed, have them sit upright and lean slightly forward to prevent blood from flowing down the throat. Pinch the soft part of their nose together and maintain pressure for about 10 minutes. If the bleeding continues, repeat the process. Avoid having the child lie down or tilt their head back. If the nosebleed lasts longer than 20 minutes or is caused by trauma, seek medical help."
test,97,,How can you differentiate between a muscle strain and a ligament sprain?,0.75,327,How can you differentiate between a cramp and a muscle strain?,"A cramp is an involuntary muscle contraction that comes on suddenly and is usually accompanied by sharp pain. It can last for a few seconds or minutes. A muscle strain, on the other hand, is a tear or overextension of the muscle fibers, leading to pain, swelling, and difficulty moving the affected muscle.","A muscle strain involves damage to the muscle or tendon, while a ligament sprain refers to damage to the ligaments that connect bones. Muscle strain pain is typically localized to the muscle and worsens with movement, while sprain pain often affects the joints and can include instability, swelling, and bruising around the joint."
test,98,,How long does it typically take for a sprain to heal?,0.8333333333333334,649,How long does it typically take for a concussion to heal?,"The recovery time for a concussion can vary from person to person, but most people recover within a few days to a couple of weeks. However, some individuals may experience persistent symptoms, a condition known as post-concussion syndrome, which may last for weeks or months.","The healing time for a sprain can vary depending on the severity of the injury. Mild sprains may take a few days to a week to heal, while moderate to severe sprains can take several weeks to a month or more. It’s important to follow proper first aid protocols, such as rest, ice, compression, and elevation (R.I.C.E.), and seek medical advice if the injury doesn't improve."
test,105,,How can I differentiate between a sprain and a fracture in the wrist?,1.0,3599,How can I differentiate between a sprain and a fracture in the wrist?,"A sprain is characterized by pain, tenderness, swelling, and restricted movement around the joint, but the bones remain intact. A fracture, on the other hand, involves a break in the bone, which may be accompanied by deformity, severe pain, and the inability to use the limb. If you're unsure, treat the injury as a fracture and seek medical attention immediately.","A sprain involves damage to the ligaments, causing pain, swelling, and difficulty moving the joint. In contrast, a fracture causes sharp pain, deformity, and may involve bone protruding from the skin. If you're unsure, treat it as a fracture, immobilize the wrist, apply ice, and seek medical help."
test,125,,What is the most important first step in treating a chemical burn to the eye?,1.0,1066,What is the most important first step in treating a chemical burn to the eye?,The most important first step in treating a chemical burn to the eye is to flush the eye with cool running water for at least 20 minutes to dilute and wash away the chemical. This should be done immediately after the injury occurs.,The most important first step in treating a chemical burn to the eye is to flush the eye with cool running water for at least 20 minutes to dilute and wash away the chemical. This should be done immediately after the injury occurs.
test,167,,What is the purpose of the sterile eye pads in a first aid kit?,1.0,4132,What is the purpose of sterile eye pads in a first aid kit?,Sterile eye pads are used to protect and cover the eyes after an injury or surgical procedure. They provide a clean barrier to prevent infection and help reduce irritation from external light. They also help keep the area around the eyes sterile while it heals.,"Sterile eye pads are used to cover injured or infected eyes, protecting them from further contamination or irritation. They help to keep the area clean while preventing additional damage or exposure to light, and they can be used in cases of eye trauma or surgeries."
test,168,,"What should I do if a foreign body, such as dust or an eyelash, gets into someone's eye?",1.0,1578,"What should I do if a foreign body, such as dust or an eyelash, gets into someone's eye?","If a foreign body like dust or an eyelash enters the eye, first stop the person from rubbing the eye. Have them look up, and gently hold their eyelids apart. If the object is visible, try to remove it using a clean, moistened cloth. If not visible, have them look down and pull the upper lid over the lower lid to help dislodge it. If the object remains, flush the eye gently with clean water.","If a foreign body like dust or an eyelash enters the eye, first stop the person from rubbing the eye. Have them look up, and gently hold their eyelids apart. If the object is visible, try to remove it using a clean, moistened cloth. If not visible, have them look down and pull the upper lid over the lower lid to help dislodge it. If the object remains, flush the eye gently with clean water."
test,174,,What is the purpose of a thermometer in a first aid kit?,0.7692307692307693,2341,What is the purpose of a roller bandage in a first aid kit?,"A roller bandage is used to secure dressings in place, cover wounds, and provide support to injured areas, such as sprains or fractures. It can also be used to help control bleeding by applying gentle pressure to a wound.",The thermometer in a first aid kit is used to measure body temperature in cases of fever or illness. Monitoring temperature helps assess the severity of a medical condition and determine whether further medical attention is needed.
test,179,,What steps should I take if I suspect a foreign body is lodged in someone's eye?,1.0,351,What steps should I take if I suspect a foreign body is lodged in someone's eye?,"If you suspect a foreign body is lodged in someone's eye, first have them stop rubbing their eye. Have them look up, and gently hold their eyelids apart. If the object is visible, use a clean, moistened cloth to remove it. If it's not visible, have them look down and pull the upper lid over the lower lid, then flush the eye with clean water.","If you suspect a foreign body is lodged in someone's eye, first have them stop rubbing their eye. Have them look up, and gently hold their eyelids apart. If the object is visible, use a clean, moistened cloth to remove it. If it's not visible, have them look down and pull the upper lid over the lower lid, then flush the eye with clean water."
test,213,,What is the first thing I should do if someone has suffered a chemical burn to their eye?,1.0,3315,What is the first thing I should do if someone has suffered a chemical burn to their eye?,"The first thing you should do is gently open the person's eyelids with your fingers. Then, immediately flush the eye with cool running water for at least 20 minutes to remove the chemical. After flushing, apply a sterile dressing or eye pad to the eye, and seek medical aid as soon as possible.","The first thing you should do is gently open the person's eyelids with your fingers. Then, immediately flush the eye with cool running water for at least 20 minutes to remove the chemical. After flushing, apply a sterile dressing or eye pad to the eye, and seek medical aid as soon as possible."
test,245,,What is the difference between a bruise and a hematoma?,0.8,879,What is the difference between a bruise and a contusion?,"A bruise and a contusion are essentially the same; both involve the rupture of blood vessels beneath the skin, leading to discoloration. However, a contusion is a broader term that can also refer to deeper tissue injury, while 'bruise' specifically refers to skin-level discoloration.","Both are forms of bleeding under the skin, but a hematoma is usually more severe and involves a larger amount of blood pooling, often causing a firm lump. A bruise tends to be more superficial and spreads out under the skin."
test,255,,Is it safe to rinse an eye injury caused by a flash burn with water?,1.0,917,Is it safe to rinse an eye injury caused by a flash burn with water?,"No, it is not safe to rinse a flash burn injury with water. Instead, apply a clean dressing or eye pad to the affected eye and seek immediate medical assistance.","No, it is not safe to rinse a flash burn injury with water. Instead, apply a clean dressing or eye pad to the affected eye and seek immediate medical assistance."
test,263,,Can I remove a foreign object from the eye if it's stuck in the cornea?,1.0,2572,Can I remove a foreign object from the eye if it's stuck in the cornea?,"No, you should not attempt to remove any foreign object embedded in the cornea or any other part of the eye. Doing so could cause severe damage. Instead, protect the eye by applying a sterile dressing and seek medical aid urgently.","No, you should not attempt to remove any foreign object embedded in the cornea or any other part of the eye. Doing so could cause severe damage. Instead, protect the eye by applying a sterile dressing and seek medical aid urgently."
test,278,,What should I do if someone is experiencing a seizure?,0.75,3137,What should I do if someone is experiencing a heat stroke?,"If someone is experiencing heat stroke, move them to a cooler place immediately. Try to cool their body by placing them in cool water, applying cool, damp cloths to their skin, or using a fan. If they are conscious, encourage them to drink cool water. Avoid giving them alcohol or caffeine. Seek immediate medical help, as heat stroke can be life-threatening.","If someone is having a seizure, ensure their safety by clearing the area of any objects they might hit. Place a soft cushion or cloth under their head. Do not try to restrain them or put anything in their mouth. Time the seizure, and once it stops, place the person in the recovery position to keep their airway clear. After the seizure, stay with the person and seek medical advice if it's their first seizure or if the seizure lasts more than 5 minutes."
test,296,,How does dehydration affect the body's ability to regulate temperature?,0.8333333333333334,2684,How does humidity affect the body's ability to regulate temperature?,"High humidity reduces the body’s ability to cool itself through sweating because the air is already saturated with moisture, preventing sweat from evaporating efficiently. This can lead to overheating and increase the risk of heat-related illnesses such as heat exhaustion and heat stroke.","Dehydration reduces the body’s ability to sweat and cool down, making it more difficult to regulate body temperature. This can lead to overheating, heat exhaustion, or heat stroke, especially in hot weather or during physical exertion."
test,309,,Can a chemical burn to the eye cause permanent damage?,1.0,1412,Can a chemical burn to the eye cause permanent damage?,"Yes, a chemical burn to the eye can cause permanent damage if not treated immediately. Prompt flushing with cool water and seeking medical help can help minimize the damage and prevent long-term vision problems.","Yes, a chemical burn to the eye can cause permanent damage if not treated immediately. Prompt flushing with cool water and seeking medical help can help minimize the damage and prevent long-term vision problems."
test,338,,Why are young children and the elderly more susceptible to heat-related illnesses?,0.7857142857142857,2155,Why are babies and the elderly more susceptible to heat-related illnesses?,"Babies and the elderly are more susceptible to heat-related illnesses because their bodies are less efficient at regulating temperature. Babies have a larger surface area relative to their body weight, and the elderly often have impaired thermoregulation due to aging or pre-existing medical conditions.","The young and elderly are more susceptible to heat-related illnesses because their bodies are less efficient at regulating temperature. Children, especially babies, have a larger surface area relative to their body mass, which can lead to faster dehydration. The elderly may have underlying health issues or medications that impair thermoregulation."
test,353,,What action should be taken if a casualty begins to vomit during mouth-to-nose resuscitation?,0.8125,3734,What action should be taken if a casualty starts to vomit during mouth-to-mouth resuscitation?,"If the casualty starts to vomit during mouth-to-mouth resuscitation, the rescuer should immediately turn the casualty onto their side to prevent choking or aspiration. The rescuer should clear the mouth of any vomit before continuing with the resuscitation efforts, ensuring the airway is clear.","If the casualty vomits during mouth-to-nose resuscitation, the rescuer should immediately turn the casualty onto their side to prevent choking. The rescuer should clear the airway of any vomit and then resume resuscitation if needed. It is crucial to ensure that the airway remains clear to allow effective breathing."
test,354,,What is the role of aspirin in the first aid of a heart attack?,0.8571428571428571,4428,What is the role of aspirin in treating a heart attack during first aid?,"Aspirin helps by reducing blood clotting, which can improve blood flow to the heart muscle during a heart attack. If the person is conscious and has no known allergies to aspirin, one 300mg dissolvable aspirin can be given to help limit the damage caused by the clot.","Aspirin can help prevent further clotting by thinning the blood, which may help reduce the size of the clot blocking the coronary artery during a heart attack. It should only be given if the person is conscious, can swallow, and has no allergies to aspirin. A 300mg dissolvable aspirin is the preferred dosage."
test,355,,What should you do if the casualty’s chest does not rise during mouth-to-mouth resuscitation?,0.8333333333333334,1641,What should a rescuer do if the casualty’s chest does not rise during mouth-to-mouth resuscitation?,"If the casualty’s chest does not rise during mouth-to-mouth resuscitation, the rescuer should first ensure that the airway is properly open by tilting the head back and lifting the chin. If there is still no chest rise, check for obstructions in the mouth and clear them. Reattempt the rescue breaths, ensuring a proper seal is maintained.","If the casualty’s chest does not rise during mouth-to-mouth resuscitation, check the positioning of the head and ensure the airway is open. If the airway is blocked, try adjusting the head tilt. You may also need to reposition your mouth on the casualty’s mouth to create a better seal. If the chest still does not rise, check for obstruction and clear the airway if necessary."
test,366,,What should I do if the person is having difficulty breathing during a heart attack?,0.75,306,What should I do if the person is hyperventilating during a heart attack?,"If the person is hyperventilating during a heart attack, encourage them to breathe slowly and deeply to calm their breathing. Reassure them and help them stay as calm as possible. Anxiety and panic can worsen the symptoms, so it's essential to guide them through controlled breathing until medical help arrives.","If the person is having difficulty breathing, it is important to keep them calm and seated upright. Encourage slow, deep breaths. If they become unconscious or stop breathing, place them in the lateral position, check for pulse, and begin CPR if necessary. It's critical to seek immediate medical help."
test,371,,What should I do if a choking adult becomes unconscious?,1.0,666,What should I do if a choking adult becomes unconscious?,"If a choking adult becomes unconscious, lay them down and check their airway, breathing, and pulse. If necessary, start CPR by giving chest compressions and rescue breaths. Seek medical aid immediately.","If a choking adult becomes unconscious, lay them flat on their back, open their airway, and begin CPR. Perform 30 chest compressions, followed by 2 rescue breaths. Check the mouth for any visible obstruction after every cycle of chest compressions."
test,394,,What is the correct compression rate during CPR for an adult or child?,0.8571428571428571,3962,What is the recommended compression rate during CPR for an adult or child?,"The recommended compression rate during CPR for an adult or child is approximately 100-120 compressions per minute, ensuring the chest is compressed at the appropriate speed to maintain circulation.",The correct compression rate during CPR for an adult or child is approximately 100-120 compressions per minute. This rate helps ensure effective circulation of oxygenated blood to the brain and other vital organs.
test,401,,What are the signs of a heart attack and how should I respond?,0.8571428571428571,1253,What are the signs of a heart attack and how should you respond?,"Signs include chest pain, shortness of breath, sweating, nausea, and discomfort radiating to the arms, back, neck, or jaw. If a heart attack is suspected, have the person rest, keep them calm, and call emergency services immediately. If the person becomes unconscious, begin CPR.","Signs of a heart attack include chest pain or discomfort, shortness of breath, sweating, nausea, dizziness, and pain radiating to the arms, back, neck, or jaw. If you suspect a heart attack, call emergency services immediately. Have the person rest and try to keep calm. If the person is conscious and not allergic to aspirin, give them a low dose of aspirin. Administer CPR if the person becomes unconscious and unresponsive."
test,406,,How does heart failure affect the lungs?,0.75,1916,How does heart failure affect the kidneys?,"Heart failure can affect the kidneys by reducing blood flow, leading to kidney dysfunction or even kidney failure. This is because the heart is unable to pump sufficient blood to the kidneys, resulting in fluid retention and waste buildup in the body.","Heart failure can lead to fluid buildup in the lungs, a condition called pulmonary edema. This causes difficulty breathing, wheezing, and coughing up blood-stained mucus, as the heart struggles to pump blood and fluid backs up into the lungs."
test,415,,How does heart failure affect daily activities?,0.75,2052,How can heart failure affect daily activities?,"Heart failure can significantly impact daily activities by causing shortness of breath, fatigue, and fluid retention. People with heart failure may find it difficult to perform tasks such as walking, climbing stairs, or carrying groceries, and may need to adjust their routine to manage symptoms.","Heart failure can limit daily activities due to symptoms like fatigue, shortness of breath, and swelling. People with heart failure may find it challenging to perform tasks that require physical effort, such as walking, climbing stairs, or carrying groceries. Adaptations such as pacing oneself and taking frequent breaks are often necessary."
test,427,,Why is it important to monitor the casualty’s pulse during shock?,0.8461538461538461,3331,Why is it important to monitor a casualty’s pulse during shock?,"Monitoring a casualty's pulse during shock is important because a rapid, weak, or irregular pulse can indicate the progression of shock. Changes in pulse rate can provide critical information about the severity of shock, and early detection of abnormal pulse patterns can help direct appropriate medical intervention.","Monitoring the casualty’s pulse during shock is vital to assess their cardiovascular function. A rapid, weak pulse can indicate that the body is struggling to circulate blood efficiently, and a slow or absent pulse may indicate severe shock requiring immediate medical attention."
test,450,,When should I call for medical help after an eye injury from a foreign body?,1.0,1653,When should I call for medical help after an eye injury from a foreign body?,"You should call for medical help if the foreign body cannot be removed safely, if there is severe pain or vision problems, or if there is any bleeding or other concerning symptoms. Do not attempt to remove deeply embedded objects yourself.","You should call for medical help if the foreign body cannot be removed safely, if there is severe pain or vision problems, or if there is any bleeding or other concerning symptoms. Do not attempt to remove deeply embedded objects yourself."
test,458,,Can a febrile seizure cause long-term damage?,0.7777777777777778,2872,Can a seizure cause long-term brain damage?,"A single seizure, in most cases, does not cause long-term brain damage. However, repeated seizures, especially if they are prolonged or occur frequently without proper treatment, can potentially lead to cognitive or memory issues. Seizures that last longer than 5 minutes (status epilepticus) can increase the risk of brain damage, which is why immediate medical attention is critical.","Febrile seizures in children typically do not cause long-term damage. These seizures are usually brief and occur due to a high fever. Although they can be alarming, feverish convulsions do not lead to brain damage or epilepsy. However, it's essential to seek medical attention if the seizures last longer than a few minutes or occur frequently."
test,469,,"If someone is unconscious but breathing, what should you do?",0.75,810,What should you do if you find someone unconscious but breathing normally?,"Place the person in the recovery position to ensure their airway stays clear. Monitor their breathing regularly, and do not leave them alone. Call emergency services immediately and provide them with details of the person's condition.","If a person is unconscious but breathing, you should place them in the recovery position (on their side) to maintain an open airway and prevent choking. Monitor their breathing and wait for emergency help. Do not leave them alone unless absolutely necessary."
test,473,,What is the role of a cold compress in concussion treatment?,0.8333333333333334,1356,What is the role of a cold compress in concussion management?,"A cold compress can help reduce swelling and pain at the site of impact after a concussion. It provides cooling relief, which can help soothe the affected area, but it should not replace medical care or monitoring of symptoms.","A cold compress can help reduce swelling and provide relief from the immediate pain and discomfort caused by a blow to the head. It should be applied gently to the injured area for 15-20 minutes at a time, with breaks in between to avoid frostbite."
test,499,,What are the immediate symptoms of an allergic reaction to a bee sting?,0.7857142857142857,1800,What are the symptoms of a mild allergic reaction to a bee sting?,"A mild allergic reaction to a bee sting typically includes localized pain, swelling, redness, and itching around the sting site. There may also be a rash or hives on the body. These symptoms are usually self-limiting and can be treated with antihistamines, cold compresses, and pain relievers.","The immediate symptoms of an allergic reaction to a bee sting may include swelling at the sting site, pain, redness, an itchy rash, puffiness around the eyes and face, and difficulty breathing. In severe cases, symptoms can escalate quickly, leading to anaphylaxis, which requires immediate medical attention."
test,502,,What are the signs that a person is experiencing anaphylaxis after a sting?,0.7857142857142857,3517,What are the signs that a person may be experiencing anaphylaxis after a sting?,"Signs of anaphylaxis after a sting include swelling of the face, lips, or throat, difficulty breathing, dizziness, a drop in blood pressure, and hives. Immediate administration of epinephrine and emergency medical assistance are essential.","Signs of anaphylaxis after a sting may include swelling of the face, lips, or throat, difficulty breathing, dizziness, hives, and a drop in blood pressure. Immediate medical attention and an epinephrine injection (if available) are necessary."
test,513,,What is a key difference in the symptoms between a Red-back spider bite and a Funnel-web spider bite?,0.9375,4206,What is the difference in the symptoms between a Funnel-web spider bite and a Red-back spider bite?,"A Funnel-web spider bite often causes intense localized pain, nausea, weakness, and breathing difficulty, whereas a Red-back spider bite typically causes sharp, stinging pain followed by swelling, sweating, and sometimes shock or muscle weakness.","While both spider bites can cause intense pain, a Red-back spider bite usually causes immediate, sharp stinging sensations, while a Funnel-web spider bite leads to intense localized pain followed by nausea, weakness, and systemic symptoms like difficulty breathing."
test,517,,What action should you avoid when treating a Red-back spider bite?,0.8461538461538461,3131,What should you avoid doing when treating a Red-back spider bite?,"Do not apply pressure immobilisation to a Red-back spider bite, as this can worsen the condition.",Do not apply pressure immobilisation to a Red-back spider bite. It is crucial to avoid this method as it may worsen the condition.
test,551,,When should I call for medical help during a choking incident?,1.0,4280,When should I call for medical help during a choking incident?,"You should call for medical help immediately if the person is unable to clear the obstruction themselves, becomes unconscious, or if you are unsure about the severity of the blockage. Always seek urgent medical attention if the person is struggling to breathe.","You should call for medical help immediately if the person becomes unconscious, if their airway is completely blocked, or if the obstruction does not clear after attempts such as slapping the back or giving CPR."
